{"_step":1354,"iter":13500,"_wandb":{"runtime":0},"train_loss":4.46629524230957,"val_loss":4.472854137420654,"lr":1e-05,"_timestamp":1.7554265769904814e+09,"_runtime":0.789996867}