{"iter":13500,"train_loss":4.46629524230957,"val_loss":4.472854137420654,"lr":1e-05,"_timestamp":1.7554231064506383e+09,"_runtime":1.097812828,"_step":1354,"_wandb":{"runtime":7}}