{"train_loss":4.46629524230957,"val_loss":4.472854137420654,"lr":1e-05,"_timestamp":1.7553312622137074e+09,"_wandb":{"runtime":1},"_runtime":1.271167404,"_step":1354,"iter":13500}