{"val_loss":4.472854137420654,"lr":1e-05,"_timestamp":1.7554263667460647e+09,"_runtime":0.745400085,"_step":1354,"_wandb":{"runtime":0},"iter":13500,"train_loss":4.46629524230957}