{"train_loss":4.46629524230957,"val_loss":4.472854137420654,"_timestamp":1.7549911144632444e+09,"_wandb":{"runtime":0},"_runtime":0.846857953,"_step":1354,"iter":13500}